Workbook

Sheet Start here
B2: Reading Challenge tracker
B4: How this works
B5: Type one row on Entries for every paper form, the day it arrives, even if you can't tell who the child is.
B6: Gray columns are formulas: don't type in them. White columns are for you.
B8: Entering a form (Entries tab)
B9: 1. Fill in the month, pages, and the name and teacher exactly as written on the form.
B10: 2. If you know the child, pick them in the “Child” column (type a few letters to narrow the list). Leave it blank if you don't know yet.
B11: 3. Not sure who “Reid” is? Use the Find a child tab: type part of a name or teacher and it lists every match. Come back later and fill in the Child column.
B12: 4. Rows whose Status says “Needs child” are orange. Their pages are NOT counted until you pick a child.
B13: 5. A child's new kid isn't in the list? Add them on the Roster tab first, then pick them.
B15: Fixing mistakes
B16: Don't overwrite a wrong number. Add a new row at the bottom for the same child and month: the lowest row wins.
... B25: Example (what a filled-in row looks like)
B26: Entered at | C26: Month | D26: Pages | E26: Name on form | F26: Teacher on form | G26: Child | H26: Void
B27: 2026-10-02 14:05 | C27: 2026-10 | D27: 140 | E27: Reid | F27: Lopez | G27: (pick later)
B29: Tip: in Google Sheets, Ctrl+Alt+Shift+; types the current date and time.

Sheet Entries
A1: Entered at | B1: Month | C1: Pages | D1: Name on form | E1: Teacher on form | F1: Child | G1: Void (x) | H1: Child ID | I1: Status | J1: Pages counted | L1: To add a month beyond June 2027, edit the Month dropdown (Data > Data validation).
H2: =IF(F2="","",IFERROR(INDEX(Roster!$A$2:$A$600,MATCH(F2,Roster!$E$2:$E$600,0)),"")) | I2: =IF(AND(D2="",C2="",F2=""),"",IF(G2<>"","Void",IF(F2="","Needs child",IF(H2="","Child not found",IF(OR(B2="",NOT(ISNUMBER(C2))),"Needs month/pages","OK"))))) | J2: =IF(I2="","",IF(I2="OK",IF(COUNTIFS(H3:H$3001,H2,B3:B$3001,B2,G3:G$3001,"")=0,C2,0),0))
H3: =IF(F3="","",IFERROR(INDEX(Roster!$A$2:$A$600,MATCH(F3,Roster!$E$2:$E$600,0)),"")) | I3: =IF(AND(D3="",C3="",F3=""),"",IF(G3<>"","Void",IF(F3="","Needs child",IF(H3="","Child not found",IF(OR(B3="",NOT(ISNUMBER(C3))),"Needs month/pages","OK"))))) | J3: =IF(I3="","",IF(I3="OK",IF(COUNTIFS(H4:H$3001,H3,B4:B$3001,B3,G4:G$3001,"")=0,C3,0),0))
H4: =IF(F4="","",IFERROR(INDEX(Roster!$A$2:$A$600,MATCH(F4,Roster!$E$2:$E$600,0)),"")) | I4: =IF(AND(D4="",C4="",F4=""),"",IF(G4<>"","Void",IF(F4="","Needs child",IF(H4="","Child not found",IF(OR(B4="",NOT(ISNUMBER(C4))),"Needs month/pages","OK"))))) | J4: =IF(I4="","",IF(I4="OK",IF(COUNTIFS(H5:H$3001,H4,B5:B$3001,B4,G5:G$3001,"")=0,C4,0),0))
H5: =IF(F5="","",IFERROR(INDEX(Roster!$A$2:$A$600,MATCH(F5,Roster!$E$2:$E$600,0)),"")) | I5: =IF(AND(D5="",C5="",F5=""),"",IF(G5<>"","Void",IF(F5="","Needs child",IF(H5="","Child not found",IF(OR(B5="",NOT(ISNUMBER(C5))),"Needs month/pages","OK"))))) | J5: =IF(I5="","",IF(I5="OK",IF(COUNTIFS(H6:H$3001,H5,B6:B$3001,B5,G6:G$3001,"")=0,C5,0),0))
H6: =IF(F6="","",IFERROR(INDEX(Roster!$A$2:$A$600,MATCH(F6,Roster!$E$2:$E$600,0)),"")) | I6: =IF(AND(D6="",C6="",F6=""),"",IF(G6<>"","Void",IF(F6="","Needs child",IF(H6="","Child not found",IF(OR(B6="",NOT(ISNUMBER(C6))),"Needs month/pages","OK"))))) | J6: =IF(I6="","",IF(I6="OK",IF(COUNTIFS(H7:H$3001,H6,B7:B$3001,B6,G7:G$3001,"")=0,C6,0),0))
H7: =IF(F7="","",IFERROR(INDEX(Roster!$A$2:$A$600,MATCH(F7,Roster!$E$2:$E$600,0)),"")) | I7: =IF(AND(D7="",C7="",F7=""),"",IF(G7<>"","Void",IF(F7="","Needs child",IF(H7="","Child not found",IF(OR(B7="",NOT(ISNUMBER(C7))),"Needs month/pages","OK"))))) | J7: =IF(I7="","",IF(I7="OK",IF(COUNTIFS(H8:H$3001,H7,B8:B$3001,B7,G8:G$3001,"")=0,C7,0),0))
H8: =IF(F8="","",IFERROR(INDEX(Roster!$A$2:$A$600,MATCH(F8,Roster!$E$2:$E$600,0)),"")) | I8: =IF(AND(D8="",C8="",F8=""),"",IF(G8<>"","Void",IF(F8="","Needs child",IF(H8="","Child not found",IF(OR(B8="",NOT(ISNUMBER(C8))),"Needs month/pages","OK"))))) | J8: =IF(I8="","",IF(I8="OK",IF(COUNTIFS(H9:H$3001,H8,B9:B$3001,B8,G9:G$3001,"")=0,C8,0),0))
H9: =IF(F9="","",IFERROR(INDEX(Roster!$A$2:$A$600,MATCH(F9,Roster!$E$2:$E$600,0)),"")) | I9: =IF(AND(D9="",C9="",F9=""),"",IF(G9<>"","Void",IF(F9="","Needs child",IF(H9="","Child not found",IF(OR(B9="",NOT(ISNUMBER(C9))),"Needs month/pages","OK"))))) | J9: =IF(I9="","",IF(I9="OK",IF(COUNTIFS(H10:H$3001,H9,B10:B$3001,B9,G10:G$3001,"")=0,C9,0),0))
H10: =IF(F10="","",IFERROR(INDEX(Roster!$A$2:$A$600,MATCH(F10,Roster!$E$2:$E$600,0)),"")) | I10: =IF(AND(D10="",C10="",F10=""),"",IF(G10<>"","Void",IF(F10="","Needs child",IF(H10="","Child not found",IF(OR(B10="",NOT(ISNUMBER(C10))),"Needs month/pages","OK"))))) | J10: =IF(I10="","",IF(I10="OK",IF(COUNTIFS(H11:H$3001,H10,B11:B$3001,B10,G11:G$3001,"")=0,C10,0),0))
H11: =IF(F11="","",IFERROR(INDEX(Roster!$A$2:$A$600,MATCH(F11,Roster!$E$2:$E$600,0)),"")) | I11: =IF(AND(D11="",C11="",F11=""),"",IF(G11<>"","Void",IF(F11="","Needs child",IF(H11="","Child not found",IF(OR(B11="",NOT(ISNUMBER(C11))),"Needs month/pages","OK"))))) | J11: =IF(I11="","",IF(I11="OK",IF(COUNTIFS(H12:H$3001,H11,B12:B$3001,B11,G12:G$3001,"")=0,C11,0),0))
H12: =IF(F12="","",IFERROR(INDEX(Roster!$A$2:$A$600,MATCH(F12,Roster!$E$2:$E$600,0)),"")) | I12: =IF(AND(D12="",C12="",F12=""),"",IF(G12<>"","Void",IF(F12="","Needs child",IF(H12="","Child not found",IF(OR(B12="",NOT(ISNUMBER(C12))),"Needs month/pages","OK"))))) | J12: =IF(I12="","",IF(I12="OK",IF(COUNTIFS(H13:H$3001,H12,B13:B$3001,B12,G13:G$3001,"")=0,C12,0),0))
H13: =IF(F13="","",IFERROR(INDEX(Roster!$A$2:$A$600,MATCH(F13,Roster!$E$2:$E$600,0)),"")) | I13: =IF(AND(D13="",C13="",F13=""),"",IF(G13<>"","Void",IF(F13="","Needs child",IF(H13="","Child not found",IF(OR(B13="",NOT(ISNUMBER(C13))),"Needs month/pages","OK"))))) | J13: =IF(I13="","",IF(I13="OK",IF(COUNTIFS(H14:H$3001,H13,B14:B$3001,B13,G14:G$3001,"")=0,C13,0),0))
... H3000: =IF(F3000="","",IFERROR(INDEX(Roster!$A$2:$A$600,MATCH(F3000,Roster!$E$2:$E$600,0)),"")) | I3000: =IF(AND(D3000="",C3000="",F3000=""),"",IF(G3000<>"","Void",IF(F3000="","Needs child",IF(H3000="","Child not found",IF(OR(B3000="",NOT(ISNUMBER(C3000))),"Needs month/pages","OK"))))) | J3000: =IF(I3000="","",IF(I3000="OK",IF(COUNTIFS(H3001:H$3001,H3000,B3001:B$3001,B3000,G3001:G$3001,"")=0,C3000,0),0))

Sheet Prizes
A1: Given on | B1: Child | C1: Level | D1: Threshold | E1: Child ID | F1: Prize | G1: Void (x) | H1: Status
D2: =IF(C2="","",IFERROR(INDEX(Levels!$A$2:$A$30,MATCH(C2,Levels!$B$2:$B$30,0)),"")) | E2: =IF(B2="","",IFERROR(INDEX(Roster!$A$2:$A$600,MATCH(B2,Roster!$E$2:$E$600,0)),"")) | F2: =IF(C2="","",IFERROR(INDEX(Levels!$C$2:$C$30,MATCH(C2,Levels!$B$2:$B$30,0)),"")) | H2: =IF(AND(B2="",C2=""),"",IF(G2<>"","Void",IF(OR(B2="",E2=""),"Needs child",IF(D2="","Needs level","OK"))))
D3: =IF(C3="","",IFERROR(INDEX(Levels!$A$2:$A$30,MATCH(C3,Levels!$B$2:$B$30,0)),"")) | E3: =IF(B3="","",IFERROR(INDEX(Roster!$A$2:$A$600,MATCH(B3,Roster!$E$2:$E$600,0)),"")) | F3: =IF(C3="","",IFERROR(INDEX(Levels!$C$2:$C$30,MATCH(C3,Levels!$B$2:$B$30,0)),"")) | H3: =IF(AND(B3="",C3=""),"",IF(G3<>"","Void",IF(OR(B3="",E3=""),"Needs child",IF(D3="","Needs level","OK"))))
D4: =IF(C4="","",IFERROR(INDEX(Levels!$A$2:$A$30,MATCH(C4,Levels!$B$2:$B$30,0)),"")) | E4: =IF(B4="","",IFERROR(INDEX(Roster!$A$2:$A$600,MATCH(B4,Roster!$E$2:$E$600,0)),"")) | F4: =IF(C4="","",IFERROR(INDEX(Levels!$C$2:$C$30,MATCH(C4,Levels!$B$2:$B$30,0)),"")) | H4: =IF(AND(B4="",C4=""),"",IF(G4<>"","Void",IF(OR(B4="",E4=""),"Needs child",IF(D4="","Needs level","OK"))))
D5: =IF(C5="","",IFERROR(INDEX(Levels!$A$2:$A$30,MATCH(C5,Levels!$B$2:$B$30,0)),"")) | E5: =IF(B5="","",IFERROR(INDEX(Roster!$A$2:$A$600,MATCH(B5,Roster!$E$2:$E$600,0)),"")) | F5: =IF(C5="","",IFERROR(INDEX(Levels!$C$2:$C$30,MATCH(C5,Levels!$B$2:$B$30,0)),"")) | H5: =IF(AND(B5="",C5=""),"",IF(G5<>"","Void",IF(OR(B5="",E5=""),"Needs child",IF(D5="","Needs level","OK"))))
D6: =IF(C6="","",IFERROR(INDEX(Levels!$A$2:$A$30,MATCH(C6,Levels!$B$2:$B$30,0)),"")) | E6: =IF(B6="","",IFERROR(INDEX(Roster!$A$2:$A$600,MATCH(B6,Roster!$E$2:$E$600,0)),"")) | F6: =IF(C6="","",IFERROR(INDEX(Levels!$C$2:$C$30,MATCH(C6,Levels!$B$2:$B$30,0)),"")) | H6: =IF(AND(B6="",C6=""),"",IF(G6<>"","Void",IF(OR(B6="",E6=""),"Needs child",IF(D6="","Needs level","OK"))))
D7: =IF(C7="","",IFERROR(INDEX(Levels!$A$2:$A$30,MATCH(C7,Levels!$B$2:$B$30,0)),"")) | E7: =IF(B7="","",IFERROR(INDEX(Roster!$A$2:$A$600,MATCH(B7,Roster!$E$2:$E$600,0)),"")) | F7: =IF(C7="","",IFERROR(INDEX(Levels!$C$2:$C$30,MATCH(C7,Levels!$B$2:$B$30,0)),"")) | H7: =IF(AND(B7="",C7=""),"",IF(G7<>"","Void",IF(OR(B7="",E7=""),"Needs child",IF(D7="","Needs level","OK"))))
D8: =IF(C8="","",IFERROR(INDEX(Levels!$A$2:$A$30,MATCH(C8,Levels!$B$2:$B$30,0)),"")) | E8: =IF(B8="","",IFERROR(INDEX(Roster!$A$2:$A$600,MATCH(B8,Roster!$E$2:$E$600,0)),"")) | F8: =IF(C8="","",IFERROR(INDEX(Levels!$C$2:$C$30,MATCH(C8,Levels!$B$2:$B$30,0)),"")) | H8: =IF(AND(B8="",C8=""),"",IF(G8<>"","Void",IF(OR(B8="",E8=""),"Needs child",IF(D8="","Needs level","OK"))))
D9: =IF(C9="","",IFERROR(INDEX(Levels!$A$2:$A$30,MATCH(C9,Levels!$B$2:$B$30,0)),"")) | E9: =IF(B9="","",IFERROR(INDEX(Roster!$A$2:$A$600,MATCH(B9,Roster!$E$2:$E$600,0)),"")) | F9: =IF(C9="","",IFERROR(INDEX(Levels!$C$2:$C$30,MATCH(C9,Levels!$B$2:$B$30,0)),"")) | H9: =IF(AND(B9="",C9=""),"",IF(G9<>"","Void",IF(OR(B9="",E9=""),"Needs child",IF(D9="","Needs level","OK"))))
D10: =IF(C10="","",IFERROR(INDEX(Levels!$A$2:$A$30,MATCH(C10,Levels!$B$2:$B$30,0)),"")) | E10: =IF(B10="","",IFERROR(INDEX(Roster!$A$2:$A$600,MATCH(B10,Roster!$E$2:$E$600,0)),"")) | F10: =IF(C10="","",IFERROR(INDEX(Levels!$C$2:$C$30,MATCH(C10,Levels!$B$2:$B$30,0)),"")) | H10: =IF(AND(B10="",C10=""),"",IF(G10<>"","Void",IF(OR(B10="",E10=""),"Needs child",IF(D10="","Needs level","OK"))))
D11: =IF(C11="","",IFERROR(INDEX(Levels!$A$2:$A$30,MATCH(C11,Levels!$B$2:$B$30,0)),"")) | E11: =IF(B11="","",IFERROR(INDEX(Roster!$A$2:$A$600,MATCH(B11,Roster!$E$2:$E$600,0)),"")) | F11: =IF(C11="","",IFERROR(INDEX(Levels!$C$2:$C$30,MATCH(C11,Levels!$B$2:$B$30,0)),"")) | H11: =IF(AND(B11="",C11=""),"",IF(G11<>"","Void",IF(OR(B11="",E11=""),"Needs child",IF(D11="","Needs level","OK"))))
D12: =IF(C12="","",IFERROR(INDEX(Levels!$A$2:$A$30,MATCH(C12,Levels!$B$2:$B$30,0)),"")) | E12: =IF(B12="","",IFERROR(INDEX(Roster!$A$2:$A$600,MATCH(B12,Roster!$E$2:$E$600,0)),"")) | F12: =IF(C12="","",IFERROR(INDEX(Levels!$C$2:$C$30,MATCH(C12,Levels!$B$2:$B$30,0)),"")) | H12: =IF(AND(B12="",C12=""),"",IF(G12<>"","Void",IF(OR(B12="",E12=""),"Needs child",IF(D12="","Needs level","OK"))))
D13: =IF(C13="","",IFERROR(INDEX(Levels!$A$2:$A$30,MATCH(C13,Levels!$B$2:$B$30,0)),"")) | E13: =IF(B13="","",IFERROR(INDEX(Roster!$A$2:$A$600,MATCH(B13,Roster!$E$2:$E$600,0)),"")) | F13: =IF(C13="","",IFERROR(INDEX(Levels!$C$2:$C$30,MATCH(C13,Levels!$B$2:$B$30,0)),"")) | H13: =IF(AND(B13="",C13=""),"",IF(G13<>"","Void",IF(OR(B13="",E13=""),"Needs child",IF(D13="","Needs level","OK"))))
... D3000: =IF(C3000="","",IFERROR(INDEX(Levels!$A$2:$A$30,MATCH(C3000,Levels!$B$2:$B$30,0)),"")) | E3000: =IF(B3000="","",IFERROR(INDEX(Roster!$A$2:$A$600,MATCH(B3000,Roster!$E$2:$E$600,0)),"")) | F3000: =IF(C3000="","",IFERROR(INDEX(Levels!$C$2:$C$30,MATCH(C3000,Levels!$B$2:$B$30,0)),"")) | H3000: =IF(AND(B3000="",C3000=""),"",IF(G3000<>"","Void",IF(OR(B3000="",E3000=""),"Needs child",IF(D3000="","Needs level","OK"))))

Sheet Find a child
A1: Find a child
A3: Type part of a name or teacher:
A4: Matches: | B4: =COUNT(Roster!$J$2:$J$600) | C4: =IF(B4>25,"Showing the first 25; type more letters to narrow it down.","")
A6: Name | B6: Teacher | C6: School year | D6: Total pages | E6: Last prize level given | F6: Highest prize owed
A7: =IFERROR(INDEX(Roster!$B$2:$B$600,MATCH(1,Roster!$J$2:$J$600,0)),"") | B7: =IFERROR(INDEX(Roster!$C$2:$C$600,MATCH(1,Roster!$J$2:$J$600,0)),"") | C7: =IFERROR(INDEX(Roster!$D$2:$D$600,MATCH(1,Roster!$J$2:$J$600,0)),"") | D7: =IFERROR(INDEX(Roster!$F$2:$F$600,MATCH(1,Roster!$J$2:$J$600,0)),"") | E7: =IFERROR(INDEX(Roster!$G$2:$G$600,MATCH(1,Roster!$J$2:$J$600,0)),"") | F7: =IFERROR(INDEX(Roster!$H$2:$H$600,MATCH(1,Roster!$J$2:$J$600,0)),"")
A8: =IFERROR(INDEX(Roster!$B$2:$B$600,MATCH(2,Roster!$J$2:$J$600,0)),"") | B8: =IFERROR(INDEX(Roster!$C$2:$C$600,MATCH(2,Roster!$J$2:$J$600,0)),"") | C8: =IFERROR(INDEX(Roster!$D$2:$D$600,MATCH(2,Roster!$J$2:$J$600,0)),"") | D8: =IFERROR(INDEX(Roster!$F$2:$F$600,MATCH(2,Roster!$J$2:$J$600,0)),"") | E8: =IFERROR(INDEX(Roster!$G$2:$G$600,MATCH(2,Roster!$J$2:$J$600,0)),"") | F8: =IFERROR(INDEX(Roster!$H$2:$H$600,MATCH(2,Roster!$J$2:$J$600,0)),"")
A9: =IFERROR(INDEX(Roster!$B$2:$B$600,MATCH(3,Roster!$J$2:$J$600,0)),"") | B9: =IFERROR(INDEX(Roster!$C$2:$C$600,MATCH(3,Roster!$J$2:$J$600,0)),"") | C9: =IFERROR(INDEX(Roster!$D$2:$D$600,MATCH(3,Roster!$J$2:$J$600,0)),"") | D9: =IFERROR(INDEX(Roster!$F$2:$F$600,MATCH(3,Roster!$J$2:$J$600,0)),"") | E9: =IFERROR(INDEX(Roster!$G$2:$G$600,MATCH(3,Roster!$J$2:$J$600,0)),"") | F9: =IFERROR(INDEX(Roster!$H$2:$H$600,MATCH(3,Roster!$J$2:$J$600,0)),"")
A10: =IFERROR(INDEX(Roster!$B$2:$B$600,MATCH(4,Roster!$J$2:$J$600,0)),"") | B10: =IFERROR(INDEX(Roster!$C$2:$C$600,MATCH(4,Roster!$J$2:$J$600,0)),"") | C10: =IFERROR(INDEX(Roster!$D$2:$D$600,MATCH(4,Roster!$J$2:$J$600,0)),"") | D10: =IFERROR(INDEX(Roster!$F$2:$F$600,MATCH(4,Roster!$J$2:$J$600,0)),"") | E10: =IFERROR(INDEX(Roster!$G$2:$G$600,MATCH(4,Roster!$J$2:$J$600,0)),"") | F10: =IFERROR(INDEX(Roster!$H$2:$H$600,MATCH(4,Roster!$J$2:$J$600,0)),"")
A11: =IFERROR(INDEX(Roster!$B$2:$B$600,MATCH(5,Roster!$J$2:$J$600,0)),"") | B11: =IFERROR(INDEX(Roster!$C$2:$C$600,MATCH(5,Roster!$J$2:$J$600,0)),"") | C11: =IFERROR(INDEX(Roster!$D$2:$D$600,MATCH(5,Roster!$J$2:$J$600,0)),"") | D11: =IFERROR(INDEX(Roster!$F$2:$F$600,MATCH(5,Roster!$J$2:$J$600,0)),"") | E11: =IFERROR(INDEX(Roster!$G$2:$G$600,MATCH(5,Roster!$J$2:$J$600,0)),"") | F11: =IFERROR(INDEX(Roster!$H$2:$H$600,MATCH(5,Roster!$J$2:$J$600,0)),"")
A12: =IFERROR(INDEX(Roster!$B$2:$B$600,MATCH(6,Roster!$J$2:$J$600,0)),"") | B12: =IFERROR(INDEX(Roster!$C$2:$C$600,MATCH(6,Roster!$J$2:$J$600,0)),"") | C12: =IFERROR(INDEX(Roster!$D$2:$D$600,MATCH(6,Roster!$J$2:$J$600,0)),"") | D12: =IFERROR(INDEX(Roster!$F$2:$F$600,MATCH(6,Roster!$J$2:$J$600,0)),"") | E12: =IFERROR(INDEX(Roster!$G$2:$G$600,MATCH(6,Roster!$J$2:$J$600,0)),"") | F12: =IFERROR(INDEX(Roster!$H$2:$H$600,MATCH(6,Roster!$J$2:$J$600,0)),"")
A13: =IFERROR(INDEX(Roster!$B$2:$B$600,MATCH(7,Roster!$J$2:$J$600,0)),"") | B13: =IFERROR(INDEX(Roster!$C$2:$C$600,MATCH(7,Roster!$J$2:$J$600,0)),"") | C13: =IFERROR(INDEX(Roster!$D$2:$D$600,MATCH(7,Roster!$J$2:$J$600,0)),"") | D13: =IFERROR(INDEX(Roster!$F$2:$F$600,MATCH(7,Roster!$J$2:$J$600,0)),"") | E13: =IFERROR(INDEX(Roster!$G$2:$G$600,MATCH(7,Roster!$J$2:$J$600,0)),"") | F13: =IFERROR(INDEX(Roster!$H$2:$H$600,MATCH(7,Roster!$J$2:$J$600,0)),"")
A14: =IFERROR(INDEX(Roster!$B$2:$B$600,MATCH(8,Roster!$J$2:$J$600,0)),"") | B14: =IFERROR(INDEX(Roster!$C$2:$C$600,MATCH(8,Roster!$J$2:$J$600,0)),"") | C14: =IFERROR(INDEX(Roster!$D$2:$D$600,MATCH(8,Roster!$J$2:$J$600,0)),"") | D14: =IFERROR(INDEX(Roster!$F$2:$F$600,MATCH(8,Roster!$J$2:$J$600,0)),"") | E14: =IFERROR(INDEX(Roster!$G$2:$G$600,MATCH(8,Roster!$J$2:$J$600,0)),"") | F14: =IFERROR(INDEX(Roster!$H$2:$H$600,MATCH(8,Roster!$J$2:$J$600,0)),"")
A15: =IFERROR(INDEX(Roster!$B$2:$B$600,MATCH(9,Roster!$J$2:$J$600,0)),"") | B15: =IFERROR(INDEX(Roster!$C$2:$C$600,MATCH(9,Roster!$J$2:$J$600,0)),"") | C15: =IFERROR(INDEX(Roster!$D$2:$D$600,MATCH(9,Roster!$J$2:$J$600,0)),"") | D15: =IFERROR(INDEX(Roster!$F$2:$F$600,MATCH(9,Roster!$J$2:$J$600,0)),"") | E15: =IFERROR(INDEX(Roster!$G$2:$G$600,MATCH(9,Roster!$J$2:$J$600,0)),"") | F15: =IFERROR(INDEX(Roster!$H$2:$H$600,MATCH(9,Roster!$J$2:$J$600,0)),"")
A16: =IFERROR(INDEX(Roster!$B$2:$B$600,MATCH(10,Roster!$J$2:$J$600,0)),"") | B16: =IFERROR(INDEX(Roster!$C$2:$C$600,MATCH(10,Roster!$J$2:$J$600,0)),"") | C16: =IFERROR(INDEX(Roster!$D$2:$D$600,MATCH(10,Roster!$J$2:$J$600,0)),"") | D16: =IFERROR(INDEX(Roster!$F$2:$F$600,MATCH(10,Roster!$J$2:$J$600,0)),"") | E16: =IFERROR(INDEX(Roster!$G$2:$G$600,MATCH(10,Roster!$J$2:$J$600,0)),"") | F16: =IFERROR(INDEX(Roster!$H$2:$H$600,MATCH(10,Roster!$J$2:$J$600,0)),"")
A17: =IFERROR(INDEX(Roster!$B$2:$B$600,MATCH(11,Roster!$J$2:$J$600,0)),"") | B17: =IFERROR(INDEX(Roster!$C$2:$C$600,MATCH(11,Roster!$J$2:$J$600,0)),"") | C17: =IFERROR(INDEX(Roster!$D$2:$D$600,MATCH(11,Roster!$J$2:$J$600,0)),"") | D17: =IFERROR(INDEX(Roster!$F$2:$F$600,MATCH(11,Roster!$J$2:$J$600,0)),"") | E17: =IFERROR(INDEX(Roster!$G$2:$G$600,MATCH(11,Roster!$J$2:$J$600,0)),"") | F17: =IFERROR(INDEX(Roster!$H$2:$H$600,MATCH(11,Roster!$J$2:$J$600,0)),"")
A18: =IFERROR(INDEX(Roster!$B$2:$B$600,MATCH(12,Roster!$J$2:$J$600,0)),"") | B18: =IFERROR(INDEX(Roster!$C$2:$C$600,MATCH(12,Roster!$J$2:$J$600,0)),"") | C18: =IFERROR(INDEX(Roster!$D$2:$D$600,MATCH(12,Roster!$J$2:$J$600,0)),"") | D18: =IFERROR(INDEX(Roster!$F$2:$F$600,MATCH(12,Roster!$J$2:$J$600,0)),"") | E18: =IFERROR(INDEX(Roster!$G$2:$G$600,MATCH(12,Roster!$J$2:$J$600,0)),"") | F18: =IFERROR(INDEX(Roster!$H$2:$H$600,MATCH(12,Roster!$J$2:$J$600,0)),"")
A19: =IFERROR(INDEX(Roster!$B$2:$B$600,MATCH(13,Roster!$J$2:$J$600,0)),"") | B19: =IFERROR(INDEX(Roster!$C$2:$C$600,MATCH(13,Roster!$J$2:$J$600,0)),"") | C19: =IFERROR(INDEX(Roster!$D$2:$D$600,MATCH(13,Roster!$J$2:$J$600,0)),"") | D19: =IFERROR(INDEX(Roster!$F$2:$F$600,MATCH(13,Roster!$J$2:$J$600,0)),"") | E19: =IFERROR(INDEX(Roster!$G$2:$G$600,MATCH(13,Roster!$J$2:$J$600,0)),"") | F19: =IFERROR(INDEX(Roster!$H$2:$H$600,MATCH(13,Roster!$J$2:$J$600,0)),"")
A20: =IFERROR(INDEX(Roster!$B$2:$B$600,MATCH(14,Roster!$J$2:$J$600,0)),"") | B20: =IFERROR(INDEX(Roster!$C$2:$C$600,MATCH(14,Roster!$J$2:$J$600,0)),"") | C20: =IFERROR(INDEX(Roster!$D$2:$D$600,MATCH(14,Roster!$J$2:$J$600,0)),"") | D20: =IFERROR(INDEX(Roster!$F$2:$F$600,MATCH(14,Roster!$J$2:$J$600,0)),"") | E20: =IFERROR(INDEX(Roster!$G$2:$G$600,MATCH(14,Roster!$J$2:$J$600,0)),"") | F20: =IFERROR(INDEX(Roster!$H$2:$H$600,MATCH(14,Roster!$J$2:$J$600,0)),"")
A21: =IFERROR(INDEX(Roster!$B$2:$B$600,MATCH(15,Roster!$J$2:$J$600,0)),"") | B21: =IFERROR(INDEX(Roster!$C$2:$C$600,MATCH(15,Roster!$J$2:$J$600,0)),"") | C21: =IFERROR(INDEX(Roster!$D$2:$D$600,MATCH(15,Roster!$J$2:$J$600,0)),"") | D21: =IFERROR(INDEX(Roster!$F$2:$F$600,MATCH(15,Roster!$J$2:$J$600,0)),"") | E21: =IFERROR(INDEX(Roster!$G$2:$G$600,MATCH(15,Roster!$J$2:$J$600,0)),"") | F21: =IFERROR(INDEX(Roster!$H$2:$H$600,MATCH(15,Roster!$J$2:$J$600,0)),"")
A22: =IFERROR(INDEX(Roster!$B$2:$B$600,MATCH(16,Roster!$J$2:$J$600,0)),"") | B22: =IFERROR(INDEX(Roster!$C$2:$C$600,MATCH(16,Roster!$J$2:$J$600,0)),"") | C22: =IFERROR(INDEX(Roster!$D$2:$D$600,MATCH(16,Roster!$J$2:$J$600,0)),"") | D22: =IFERROR(INDEX(Roster!$F$2:$F$600,MATCH(16,Roster!$J$2:$J$600,0)),"") | E22: =IFERROR(INDEX(Roster!$G$2:$G$600,MATCH(16,Roster!$J$2:$J$600,0)),"") | F22: =IFERROR(INDEX(Roster!$H$2:$H$600,MATCH(16,Roster!$J$2:$J$600,0)),"")
A23: =IFERROR(INDEX(Roster!$B$2:$B$600,MATCH(17,Roster!$J$2:$J$600,0)),"") | B23: =IFERROR(INDEX(Roster!$C$2:$C$600,MATCH(17,Roster!$J$2:$J$600,0)),"") | C23: =IFERROR(INDEX(Roster!$D$2:$D$600,MATCH(17,Roster!$J$2:$J$600,0)),"") | D23: =IFERROR(INDEX(Roster!$F$2:$F$600,MATCH(17,Roster!$J$2:$J$600,0)),"") | E23: =IFERROR(INDEX(Roster!$G$2:$G$600,MATCH(17,Roster!$J$2:$J$600,0)),"") | F23: =IFERROR(INDEX(Roster!$H$2:$H$600,MATCH(17,Roster!$J$2:$J$600,0)),"")
A24: =IFERROR(INDEX(Roster!$B$2:$B$600,MATCH(18,Roster!$J$2:$J$600,0)),"") | B24: =IFERROR(INDEX(Roster!$C$2:$C$600,MATCH(18,Roster!$J$2:$J$600,0)),"") | C24: =IFERROR(INDEX(Roster!$D$2:$D$600,MATCH(18,Roster!$J$2:$J$600,0)),"") | D24: =IFERROR(INDEX(Roster!$F$2:$F$600,MATCH(18,Roster!$J$2:$J$600,0)),"") | E24: =IFERROR(INDEX(Roster!$G$2:$G$600,MATCH(18,Roster!$J$2:$J$600,0)),"") | F24: =IFERROR(INDEX(Roster!$H$2:$H$600,MATCH(18,Roster!$J$2:$J$600,0)),"")
A25: =IFERROR(INDEX(Roster!$B$2:$B$600,MATCH(19,Roster!$J$2:$J$600,0)),"") | B25: =IFERROR(INDEX(Roster!$C$2:$C$600,MATCH(19,Roster!$J$2:$J$600,0)),"") | C25: =IFERROR(INDEX(Roster!$D$2:$D$600,MATCH(19,Roster!$J$2:$J$600,0)),"") | D25: =IFERROR(INDEX(Roster!$F$2:$F$600,MATCH(19,Roster!$J$2:$J$600,0)),"") | E25: =IFERROR(INDEX(Roster!$G$2:$G$600,MATCH(19,Roster!$J$2:$J$600,0)),"") | F25: =IFERROR(INDEX(Roster!$H$2:$H$600,MATCH(19,Roster!$J$2:$J$600,0)),"")
A26: =IFERROR(INDEX(Roster!$B$2:$B$600,MATCH(20,Roster!$J$2:$J$600,0)),"") | B26: =IFERROR(INDEX(Roster!$C$2:$C$600,MATCH(20,Roster!$J$2:$J$600,0)),"") | C26: =IFERROR(INDEX(Roster!$D$2:$D$600,MATCH(20,Roster!$J$2:$J$600,0)),"") | D26: =IFERROR(INDEX(Roster!$F$2:$F$600,MATCH(20,Roster!$J$2:$J$600,0)),"") | E26: =IFERROR(INDEX(Roster!$G$2:$G$600,MATCH(20,Roster!$J$2:$J$600,0)),"") | F26: =IFERROR(INDEX(Roster!$H$2:$H$600,MATCH(20,Roster!$J$2:$J$600,0)),"")
A27: =IFERROR(INDEX(Roster!$B$2:$B$600,MATCH(21,Roster!$J$2:$J$600,0)),"") | B27: =IFERROR(INDEX(Roster!$C$2:$C$600,MATCH(21,Roster!$J$2:$J$600,0)),"") | C27: =IFERROR(INDEX(Roster!$D$2:$D$600,MATCH(21,Roster!$J$2:$J$600,0)),"") | D27: =IFERROR(INDEX(Roster!$F$2:$F$600,MATCH(21,Roster!$J$2:$J$600,0)),"") | E27: =IFERROR(INDEX(Roster!$G$2:$G$600,MATCH(21,Roster!$J$2:$J$600,0)),"") | F27: =IFERROR(INDEX(Roster!$H$2:$H$600,MATCH(21,Roster!$J$2:$J$600,0)),"")
A28: =IFERROR(INDEX(Roster!$B$2:$B$600,MATCH(22,Roster!$J$2:$J$600,0)),"") | B28: =IFERROR(INDEX(Roster!$C$2:$C$600,MATCH(22,Roster!$J$2:$J$600,0)),"") | C28: =IFERROR(INDEX(Roster!$D$2:$D$600,MATCH(22,Roster!$J$2:$J$600,0)),"") | D28: =IFERROR(INDEX(Roster!$F$2:$F$600,MATCH(22,Roster!$J$2:$J$600,0)),"") | E28: =IFERROR(INDEX(Roster!$G$2:$G$600,MATCH(22,Roster!$J$2:$J$600,0)),"") | F28: =IFERROR(INDEX(Roster!$H$2:$H$600,MATCH(22,Roster!$J$2:$J$600,0)),"")
A29: =IFERROR(INDEX(Roster!$B$2:$B$600,MATCH(23,Roster!$J$2:$J$600,0)),"") | B29: =IFERROR(INDEX(Roster!$C$2:$C$600,MATCH(23,Roster!$J$2:$J$600,0)),"") | C29: =IFERROR(INDEX(Roster!$D$2:$D$600,MATCH(23,Roster!$J$2:$J$600,0)),"") | D29: =IFERROR(INDEX(Roster!$F$2:$F$600,MATCH(23,Roster!$J$2:$J$600,0)),"") | E29: =IFERROR(INDEX(Roster!$G$2:$G$600,MATCH(23,Roster!$J$2:$J$600,0)),"") | F29: =IFERROR(INDEX(Roster!$H$2:$H$600,MATCH(23,Roster!$J$2:$J$600,0)),"")
A30: =IFERROR(INDEX(Roster!$B$2:$B$600,MATCH(24,Roster!$J$2:$J$600,0)),"") | B30: =IFERROR(INDEX(Roster!$C$2:$C$600,MATCH(24,Roster!$J$2:$J$600,0)),"") | C30: =IFERROR(INDEX(Roster!$D$2:$D$600,MATCH(24,Roster!$J$2:$J$600,0)),"") | D30: =IFERROR(INDEX(Roster!$F$2:$F$600,MATCH(24,Roster!$J$2:$J$600,0)),"") | E30: =IFERROR(INDEX(Roster!$G$2:$G$600,MATCH(24,Roster!$J$2:$J$600,0)),"") | F30: =IFERROR(INDEX(Roster!$H$2:$H$600,MATCH(24,Roster!$J$2:$J$600,0)),"")
A31: =IFERROR(INDEX(Roster!$B$2:$B$600,MATCH(25,Roster!$J$2:$J$600,0)),"") | B31: =IFERROR(INDEX(Roster!$C$2:$C$600,MATCH(25,Roster!$J$2:$J$600,0)),"") | C31: =IFERROR(INDEX(Roster!$D$2:$D$600,MATCH(25,Roster!$J$2:$J$600,0)),"") | D31: =IFERROR(INDEX(Roster!$F$2:$F$600,MATCH(25,Roster!$J$2:$J$600,0)),"") | E31: =IFERROR(INDEX(Roster!$G$2:$G$600,MATCH(25,Roster!$J$2:$J$600,0)),"") | F31: =IFERROR(INDEX(Roster!$H$2:$H$600,MATCH(25,Roster!$J$2:$J$600,0)),"")

Sheet Roster
A1: Child ID | B1: Name | C1: Teacher | D1: School year | E1: Pick-list name | F1: Total pages | G1: Last prize level given | H1: Highest prize owed | I1: Levels owed | J1: Search helper
A2: C0001 | E2: =IF(B2="","",IF(COUNTIFS($B$2:$B$600,B2,$C$2:$C$600,C2)>1,B2&" ("&C2&") "&A2,B2&" ("&C2&")")) | F2: =IF(B2="","",SUMIFS(Entries!$J$2:$J$3000,Entries!$H$2:$H$3000,A2)) | G2: =IF(B2="","",_xlfn.MAXIFS(Prizes!$D$2:$D$3000,Prizes!$E$2:$E$3000,A2,Prizes!$G$2:$G$3000,"")) | H2: =IF(B2="","",IF(_xlfn.MAXIFS(Levels!$A$2:$A$30,Levels!$A$2:$A$30,"<="&F2)>G2,INDEX(Levels!$B$2:$B$30,MATCH(_xlfn.MAXIFS(Levels!$A$2:$A$30,Levels!$A$2:$A$30,"<="&F2),Levels!$A$2:$A$30,0)),"")) | I2: =IF(B2="","",COUNTIFS(Levels!$A$2:$A$30,"<="&F2,Levels!$A$2:$A$30,">"&G2)) | J2: =IF(OR(B2="",TRIM('Find a child'!$B$3)=""),"",IF(ISNUMBER(SEARCH(TRIM('Find a child'!$B$3),B2&" "&C2)),COUNT(J$1:J1)+1,""))
A3: C0002 | E3: =IF(B3="","",IF(COUNTIFS($B$2:$B$600,B3,$C$2:$C$600,C3)>1,B3&" ("&C3&") "&A3,B3&" ("&C3&")")) | F3: =IF(B3="","",SUMIFS(Entries!$J$2:$J$3000,Entries!$H$2:$H$3000,A3)) | G3: =IF(B3="","",_xlfn.MAXIFS(Prizes!$D$2:$D$3000,Prizes!$E$2:$E$3000,A3,Prizes!$G$2:$G$3000,"")) | H3: =IF(B3="","",IF(_xlfn.MAXIFS(Levels!$A$2:$A$30,Levels!$A$2:$A$30,"<="&F3)>G3,INDEX(Levels!$B$2:$B$30,MATCH(_xlfn.MAXIFS(Levels!$A$2:$A$30,Levels!$A$2:$A$30,"<="&F3),Levels!$A$2:$A$30,0)),"")) | I3: =IF(B3="","",COUNTIFS(Levels!$A$2:$A$30,"<="&F3,Levels!$A$2:$A$30,">"&G3)) | J3: =IF(OR(B3="",TRIM('Find a child'!$B$3)=""),"",IF(ISNUMBER(SEARCH(TRIM('Find a child'!$B$3),B3&" "&C3)),COUNT(J$1:J2)+1,""))
A4: C0003 | E4: =IF(B4="","",IF(COUNTIFS($B$2:$B$600,B4,$C$2:$C$600,C4)>1,B4&" ("&C4&") "&A4,B4&" ("&C4&")")) | F4: =IF(B4="","",SUMIFS(Entries!$J$2:$J$3000,Entries!$H$2:$H$3000,A4)) | G4: =IF(B4="","",_xlfn.MAXIFS(Prizes!$D$2:$D$3000,Prizes!$E$2:$E$3000,A4,Prizes!$G$2:$G$3000,"")) | H4: =IF(B4="","",IF(_xlfn.MAXIFS(Levels!$A$2:$A$30,Levels!$A$2:$A$30,"<="&F4)>G4,INDEX(Levels!$B$2:$B$30,MATCH(_xlfn.MAXIFS(Levels!$A$2:$A$30,Levels!$A$2:$A$30,"<="&F4),Levels!$A$2:$A$30,0)),"")) | I4: =IF(B4="","",COUNTIFS(Levels!$A$2:$A$30,"<="&F4,Levels!$A$2:$A$30,">"&G4)) | J4: =IF(OR(B4="",TRIM('Find a child'!$B$3)=""),"",IF(ISNUMBER(SEARCH(TRIM('Find a child'!$B$3),B4&" "&C4)),COUNT(J$1:J3)+1,""))
A5: C0004 | E5: =IF(B5="","",IF(COUNTIFS($B$2:$B$600,B5,$C$2:$C$600,C5)>1,B5&" ("&C5&") "&A5,B5&" ("&C5&")")) | F5: =IF(B5="","",SUMIFS(Entries!$J$2:$J$3000,Entries!$H$2:$H$3000,A5)) | G5: =IF(B5="","",_xlfn.MAXIFS(Prizes!$D$2:$D$3000,Prizes!$E$2:$E$3000,A5,Prizes!$G$2:$G$3000,"")) | H5: =IF(B5="","",IF(_xlfn.MAXIFS(Levels!$A$2:$A$30,Levels!$A$2:$A$30,"<="&F5)>G5,INDEX(Levels!$B$2:$B$30,MATCH(_xlfn.MAXIFS(Levels!$A$2:$A$30,Levels!$A$2:$A$30,"<="&F5),Levels!$A$2:$A$30,0)),"")) | I5: =IF(B5="","",COUNTIFS(Levels!$A$2:$A$30,"<="&F5,Levels!$A$2:$A$30,">"&G5)) | J5: =IF(OR(B5="",TRIM('Find a child'!$B$3)=""),"",IF(ISNUMBER(SEARCH(TRIM('Find a child'!$B$3),B5&" "&C5)),COUNT(J$1:J4)+1,""))
A6: C0005 | E6: =IF(B6="","",IF(COUNTIFS($B$2:$B$600,B6,$C$2:$C$600,C6)>1,B6&" ("&C6&") "&A6,B6&" ("&C6&")")) | F6: =IF(B6="","",SUMIFS(Entries!$J$2:$J$3000,Entries!$H$2:$H$3000,A6)) | G6: =IF(B6="","",_xlfn.MAXIFS(Prizes!$D$2:$D$3000,Prizes!$E$2:$E$3000,A6,Prizes!$G$2:$G$3000,"")) | H6: =IF(B6="","",IF(_xlfn.MAXIFS(Levels!$A$2:$A$30,Levels!$A$2:$A$30,"<="&F6)>G6,INDEX(Levels!$B$2:$B$30,MATCH(_xlfn.MAXIFS(Levels!$A$2:$A$30,Levels!$A$2:$A$30,"<="&F6),Levels!$A$2:$A$30,0)),"")) | I6: =IF(B6="","",COUNTIFS(Levels!$A$2:$A$30,"<="&F6,Levels!$A$2:$A$30,">"&G6)) | J6: =IF(OR(B6="",TRIM('Find a child'!$B$3)=""),"",IF(ISNUMBER(SEARCH(TRIM('Find a child'!$B$3),B6&" "&C6)),COUNT(J$1:J5)+1,""))
A7: C0006 | E7: =IF(B7="","",IF(COUNTIFS($B$2:$B$600,B7,$C$2:$C$600,C7)>1,B7&" ("&C7&") "&A7,B7&" ("&C7&")")) | F7: =IF(B7="","",SUMIFS(Entries!$J$2:$J$3000,Entries!$H$2:$H$3000,A7)) | G7: =IF(B7="","",_xlfn.MAXIFS(Prizes!$D$2:$D$3000,Prizes!$E$2:$E$3000,A7,Prizes!$G$2:$G$3000,"")) | H7: =IF(B7="","",IF(_xlfn.MAXIFS(Levels!$A$2:$A$30,Levels!$A$2:$A$30,"<="&F7)>G7,INDEX(Levels!$B$2:$B$30,MATCH(_xlfn.MAXIFS(Levels!$A$2:$A$30,Levels!$A$2:$A$30,"<="&F7),Levels!$A$2:$A$30,0)),"")) | I7: =IF(B7="","",COUNTIFS(Levels!$A$2:$A$30,"<="&F7,Levels!$A$2:$A$30,">"&G7)) | J7: =IF(OR(B7="",TRIM('Find a child'!$B$3)=""),"",IF(ISNUMBER(SEARCH(TRIM('Find a child'!$B$3),B7&" "&C7)),COUNT(J$1:J6)+1,""))
A8: C0007 | E8: =IF(B8="","",IF(COUNTIFS($B$2:$B$600,B8,$C$2:$C$600,C8)>1,B8&" ("&C8&") "&A8,B8&" ("&C8&")")) | F8: =IF(B8="","",SUMIFS(Entries!$J$2:$J$3000,Entries!$H$2:$H$3000,A8)) | G8: =IF(B8="","",_xlfn.MAXIFS(Prizes!$D$2:$D$3000,Prizes!$E$2:$E$3000,A8,Prizes!$G$2:$G$3000,"")) | H8: =IF(B8="","",IF(_xlfn.MAXIFS(Levels!$A$2:$A$30,Levels!$A$2:$A$30,"<="&F8)>G8,INDEX(Levels!$B$2:$B$30,MATCH(_xlfn.MAXIFS(Levels!$A$2:$A$30,Levels!$A$2:$A$30,"<="&F8),Levels!$A$2:$A$30,0)),"")) | I8: =IF(B8="","",COUNTIFS(Levels!$A$2:$A$30,"<="&F8,Levels!$A$2:$A$30,">"&G8)) | J8: =IF(OR(B8="",TRIM('Find a child'!$B$3)=""),"",IF(ISNUMBER(SEARCH(TRIM('Find a child'!$B$3),B8&" "&C8)),COUNT(J$1:J7)+1,""))
A9: C0008 | E9: =IF(B9="","",IF(COUNTIFS($B$2:$B$600,B9,$C$2:$C$600,C9)>1,B9&" ("&C9&") "&A9,B9&" ("&C9&")")) | F9: =IF(B9="","",SUMIFS(Entries!$J$2:$J$3000,Entries!$H$2:$H$3000,A9)) | G9: =IF(B9="","",_xlfn.MAXIFS(Prizes!$D$2:$D$3000,Prizes!$E$2:$E$3000,A9,Prizes!$G$2:$G$3000,"")) | H9: =IF(B9="","",IF(_xlfn.MAXIFS(Levels!$A$2:$A$30,Levels!$A$2:$A$30,"<="&F9)>G9,INDEX(Levels!$B$2:$B$30,MATCH(_xlfn.MAXIFS(Levels!$A$2:$A$30,Levels!$A$2:$A$30,"<="&F9),Levels!$A$2:$A$30,0)),"")) | I9: =IF(B9="","",COUNTIFS(Levels!$A$2:$A$30,"<="&F9,Levels!$A$2:$A$30,">"&G9)) | J9: =IF(OR(B9="",TRIM('Find a child'!$B$3)=""),"",IF(ISNUMBER(SEARCH(TRIM('Find a child'!$B$3),B9&" "&C9)),COUNT(J$1:J8)+1,""))
A10: C0009 | E10: =IF(B10="","",IF(COUNTIFS($B$2:$B$600,B10,$C$2:$C$600,C10)>1,B10&" ("&C10&") "&A10,B10&" ("&C10&")")) | F10: =IF(B10="","",SUMIFS(Entries!$J$2:$J$3000,Entries!$H$2:$H$3000,A10)) | G10: =IF(B10="","",_xlfn.MAXIFS(Prizes!$D$2:$D$3000,Prizes!$E$2:$E$3000,A10,Prizes!$G$2:$G$3000,"")) | H10: =IF(B10="","",IF(_xlfn.MAXIFS(Levels!$A$2:$A$30,Levels!$A$2:$A$30,"<="&F10)>G10,INDEX(Levels!$B$2:$B$30,MATCH(_xlfn.MAXIFS(Levels!$A$2:$A$30,Levels!$A$2:$A$30,"<="&F10),Levels!$A$2:$A$30,0)),"")) | I10: =IF(B10="","",COUNTIFS(Levels!$A$2:$A$30,"<="&F10,Levels!$A$2:$A$30,">"&G10)) | J10: =IF(OR(B10="",TRIM('Find a child'!$B$3)=""),"",IF(ISNUMBER(SEARCH(TRIM('Find a child'!$B$3),B10&" "&C10)),COUNT(J$1:J9)+1,""))
A11: C0010 | E11: =IF(B11="","",IF(COUNTIFS($B$2:$B$600,B11,$C$2:$C$600,C11)>1,B11&" ("&C11&") "&A11,B11&" ("&C11&")")) | F11: =IF(B11="","",SUMIFS(Entries!$J$2:$J$3000,Entries!$H$2:$H$3000,A11)) | G11: =IF(B11="","",_xlfn.MAXIFS(Prizes!$D$2:$D$3000,Prizes!$E$2:$E$3000,A11,Prizes!$G$2:$G$3000,"")) | H11: =IF(B11="","",IF(_xlfn.MAXIFS(Levels!$A$2:$A$30,Levels!$A$2:$A$30,"<="&F11)>G11,INDEX(Levels!$B$2:$B$30,MATCH(_xlfn.MAXIFS(Levels!$A$2:$A$30,Levels!$A$2:$A$30,"<="&F11),Levels!$A$2:$A$30,0)),"")) | I11: =IF(B11="","",COUNTIFS(Levels!$A$2:$A$30,"<="&F11,Levels!$A$2:$A$30,">"&G11)) | J11: =IF(OR(B11="",TRIM('Find a child'!$B$3)=""),"",IF(ISNUMBER(SEARCH(TRIM('Find a child'!$B$3),B11&" "&C11)),COUNT(J$1:J10)+1,""))
A12: C0011 | E12: =IF(B12="","",IF(COUNTIFS($B$2:$B$600,B12,$C$2:$C$600,C12)>1,B12&" ("&C12&") "&A12,B12&" ("&C12&")")) | F12: =IF(B12="","",SUMIFS(Entries!$J$2:$J$3000,Entries!$H$2:$H$3000,A12)) | G12: =IF(B12="","",_xlfn.MAXIFS(Prizes!$D$2:$D$3000,Prizes!$E$2:$E$3000,A12,Prizes!$G$2:$G$3000,"")) | H12: =IF(B12="","",IF(_xlfn.MAXIFS(Levels!$A$2:$A$30,Levels!$A$2:$A$30,"<="&F12)>G12,INDEX(Levels!$B$2:$B$30,MATCH(_xlfn.MAXIFS(Levels!$A$2:$A$30,Levels!$A$2:$A$30,"<="&F12),Levels!$A$2:$A$30,0)),"")) | I12: =IF(B12="","",COUNTIFS(Levels!$A$2:$A$30,"<="&F12,Levels!$A$2:$A$30,">"&G12)) | J12: =IF(OR(B12="",TRIM('Find a child'!$B$3)=""),"",IF(ISNUMBER(SEARCH(TRIM('Find a child'!$B$3),B12&" "&C12)),COUNT(J$1:J11)+1,""))
A13: C0012 | E13: =IF(B13="","",IF(COUNTIFS($B$2:$B$600,B13,$C$2:$C$600,C13)>1,B13&" ("&C13&") "&A13,B13&" ("&C13&")")) | F13: =IF(B13="","",SUMIFS(Entries!$J$2:$J$3000,Entries!$H$2:$H$3000,A13)) | G13: =IF(B13="","",_xlfn.MAXIFS(Prizes!$D$2:$D$3000,Prizes!$E$2:$E$3000,A13,Prizes!$G$2:$G$3000,"")) | H13: =IF(B13="","",IF(_xlfn.MAXIFS(Levels!$A$2:$A$30,Levels!$A$2:$A$30,"<="&F13)>G13,INDEX(Levels!$B$2:$B$30,MATCH(_xlfn.MAXIFS(Levels!$A$2:$A$30,Levels!$A$2:$A$30,"<="&F13),Levels!$A$2:$A$30,0)),"")) | I13: =IF(B13="","",COUNTIFS(Levels!$A$2:$A$30,"<="&F13,Levels!$A$2:$A$30,">"&G13)) | J13: =IF(OR(B13="",TRIM('Find a child'!$B$3)=""),"",IF(ISNUMBER(SEARCH(TRIM('Find a child'!$B$3),B13&" "&C13)),COUNT(J$1:J12)+1,""))
... A600: C0599 | E600: =IF(B600="","",IF(COUNTIFS($B$2:$B$600,B600,$C$2:$C$600,C600)>1,B600&" ("&C600&") "&A600,B600&" ("&C600&")")) | F600: =IF(B600="","",SUMIFS(Entries!$J$2:$J$3000,Entries!$H$2:$H$3000,A600)) | G600: =IF(B600="","",_xlfn.MAXIFS(Prizes!$D$2:$D$3000,Prizes!$E$2:$E$3000,A600,Prizes!$G$2:$G$3000,"")) | H600: =IF(B600="","",IF(_xlfn.MAXIFS(Levels!$A$2:$A$30,Levels!$A$2:$A$30,"<="&F600)>G600,INDEX(Levels!$B$2:$B$30,MATCH(_xlfn.MAXIFS(Levels!$A$2:$A$30,Levels!$A$2:$A$30,"<="&F600),Levels!$A$2:$A$30,0)),"")) | I600: =IF(B600="","",COUNTIFS(Levels!$A$2:$A$30,"<="&F600,Levels!$A$2:$A$30,">"&G600)) | J600: =IF(OR(B600="",TRIM('Find a child'!$B$3)=""),"",IF(ISNUMBER(SEARCH(TRIM('Find a child'!$B$3),B600&" "&C600)),COUNT(J$1:J599)+1,""))

Sheet Levels
A1: Threshold (pages) | B1: Level | C1: Prize
A2: 1 | B2: First Pages | C2: Bookmark
A3: 100 | B3: 100 Pages | C3: Pencil and Stickers
A4: 500 | B4: 500 Pages | C4: Ribbon
A5: 1000 | B5: 1,000 Pages | C5: BCS Waterbottle
A6: 2500 | B6: 2,500 Pages | C6: Pen
A7: 5000 | B7: 5,000 Pages | C7: Metal Bookmark
A8: 7500 | B8: 7,500 Pages | C8: Baskin Robbin’s Ice Cream Scoop Giftcard
A9: 10000 | B9: 10,000 Pages | C9: BCS T-Shirt
A10: 12500 | B10: 12,500 Pages | C10: $5 Children’s Place Giftcard
A11: 15000 | B11: 15,000 Pages | C11: Fidget Toy
A12: 20000 | B12: 20,000 Pages | C12: Stickers
A13: 25000 | B13: 25,000 Pages | C13: Enamel Pin
... A20: 100000 | B20: 100,000 Pages | C20: Trophy
A32: Copy of levels.csv. Keep the two in sync; the certificate program reads levels.csv.
